id,name,short_name,city_id,qs_world,qs_asia,price_from,price_to,website,description,founded,students_count,languages,accreditations,has_dorm,dorm_price,avg_salary,lat,lng,specialty_ids,address
1,Л.Н. Гумилев атындағы Еуразиялық ұлттық университеті ,Евразийский нац,1,,,500000,2000000,,Университет в городе Нұр-Сұлтан қаласы,1990,5000,Казахский;Русский,Национальная,True,60000,400000,50.0,70.0,1;2;5;6,"Нұр-Сұлтан қ.   Сәтпаев көшесі, 2а"
10,«Туран-Астана» университеті,"Университет ""Ту",2,,,500000,2000000,,Университет в городе Нұр-Сұлтан,1990,5000,Казахский;Русский,Национальная,True,60000,400000,50.0,70.0,1;2;5;6,"Нұр-Сұлтан қ.,  Ы. Дүкенұлы көш., 29"
100,Х.А.Ясауи атындағы Халықаралық қазақ-түрік  университеті  ,Международный к,3,,,500000,2000000,,Университет в городе Түркістан облысы,1990,5000,Казахский;Русский,Национальная,True,60000,400000,50.0,70.0,1;2;5;6,"Түркістан қ.,   Б.Саттарханов даңғылы, 29"
101,Халықаралық туризм және меймандостық университеті,Международный у,4,,,500000,2000000,,Университет в городе Түркістан,1990,5000,Казахский;Русский,Национальная,True,60000,400000,50.0,70.0,1;2;5;6,"Түркістан қ., Рәбия Сұлтан Бегім көшесі, 14 ""Б"""
102,Сырдария университеті,"Университет ""Сы",5,,,500000,2000000,,Университет в городе Жетісай,1990,5000,Казахский;Русский,Национальная,True,60000,400000,50.0,70.0,1;2;5;6,"Жетісай қ.,М.Әуезов көшесі, 11"
103,Оңтүстік Қазақстан медицина академиясы,Южно-Казахстанс,6,,,500000,2000000,,Университет в городе Шымкент қаласы,1990,5000,Казахский;Русский,Национальная,True,60000,400000,50.0,70.0,1;2;5;6,"Шымкент қ.,   әл-Фараби даңғылы, 1"
104,Оңтүстік Қазақстан мемлекеттік педагогикалық университеті,Южно-Казахстанс,7,,,500000,2000000,,Университет в городе Шымкент,1990,5000,Казахский;Русский,Национальная,True,60000,400000,50.0,70.0,1;2;5;6,"Шымкент қ. ,   Г.Иляев көшесі 16"
105,М. Әуэзов атындағы  Оңтүстік Қазақстан  университеті   ,Южно-Казахстанс,7,,,500000,2000000,,Университет в городе Шымкент,1990,5000,Казахский;Русский,Национальная,True,60000,400000,50.0,70.0,1;2;5;6,"Шымкент қ.,   Тәуке хан даңғылы, 5"
106,«Мирас» университеті,"Университет ""Ми",7,,,500000,2000000,,Университет в городе Шымкент,1990,5000,Казахский;Русский,Национальная,True,60000,400000,50.0,70.0,1;2;5;6,"Шымкент қ.,  Г.Иляев көшесі, 3"
107,Шымкент  университеті,Шымкентский уни,7,,,500000,2000000,,Университет в городе Шымкент,1990,5000,Казахский;Русский,Национальная,True,60000,400000,50.0,70.0,1;2;5;6,"Шымкент қ., Жібек жолы көшесі ,131"
108,Орталық Азия инновациялық университеті ,Центрально-азия,7,,,500000,2000000,,Университет в городе Шымкент,1990,5000,Казахский;Русский,Национальная,True,60000,400000,50.0,70.0,1;2;5;6,"Шымкент қ.,   Байтұрсынов көшесі, 80А"
109,ҚМ. Куатбеков атындағы  халықтар достығы   университеті  ,Университет Дру,7,,,500000,2000000,,Университет в городе Шымкент,1990,5000,Казахский;Русский,Национальная,True,60000,400000,50.0,70.0,1;2;5;6,"Шымкент қ.,   Төле би көшесі, 32"
11,«Астана» университеті,"Университет ""Ас",2,,,500000,2000000,,Университет в городе Нұр-Сұлтан,1990,5000,Казахский;Русский,Национальная,True,60000,400000,50.0,70.0,1;2;5;6,"Нұр-Сұлтан қ., Павлов көшесі, 30"
12,Еуразиялық  гуманитарлық  институты,Евразийский гум,2,,,500000,2000000,,Университет в городе Нұр-Сұлтан,1990,5000,Казахский;Русский,Национальная,True,60000,400000,50.0,70.0,1;2;5;6,"Нұр-Сұлтан қ.,  М.Жумабаев даңғылы,   4 үй"
13,Қазақ технология және бизнес  университеті,Казахский униве,2,,,500000,2000000,,Университет в городе Нұр-Сұлтан,1990,5000,Казахский;Русский,Национальная,True,60000,400000,50.0,70.0,1;2;5;6,"Нұр-Сұлтан қ.,  Қайым Мұхамедханов көшесі,37А"
14,Астана халықаралық университеті ,Международный у,8,,,500000,2000000,,Университет в городе Нұр-Сұлтан  Қабанбай батыр даңғылы,1990,5000,Казахский;Русский,Национальная,True,60000,400000,50.0,70.0,1;2;5;6,"Нұр-Сұлтан қ. Қабанбай батыр даңғылы, 8"
15,Астана IT университеті,Астана IT униве,9,,,500000,2000000,,Университет в городе Нұр-Сұлтан  Мәңгілік Ел даңғылы даңғылы,1990,5000,Казахский;Русский,Национальная,True,60000,400000,50.0,70.0,1;2;5;6,"Нұр-Сұлтан қ. Мәңгілік Ел даңғылы даңғылы, 53/2"
16,Ш.Уәлиханов атындағы Көкшетау    университеті   ,Кокшетауский  у,10,,,500000,2000000,,Университет в городе Ақмола облысы,1990,5000,Казахский;Русский,Национальная,True,60000,400000,50.0,70.0,1;2;5;6,"Көкшетау қ.  Абай көшесі, 76"
17,Гуманитарлық-техникалық академия,Гуманитарно-тех,11,,,500000,2000000,,Университет в городе Көкшетау,1990,5000,Казахский;Русский,Национальная,True,60000,400000,50.0,70.0,1;2;5;6,"Көкшетау қ.,   Жамбыл көшесі, 35"
18,А.Мырзахметов атындағы Көкшетау  университеті,Кокшетауский ун,11,,,500000,2000000,,Университет в городе Көкшетау,1990,5000,Казахский;Русский,Национальная,True,60000,400000,50.0,70.0,1;2;5;6,"Көкшетау қ.,   Әуэзов көшесі, 189 А"
19,Т.К.Жүргенов атындағы Қазақ ұлттық өнер академиясы    ,Казахская нацио,12,,,500000,2000000,,Университет в городе Алматы қаласы,1990,5000,Казахский;Русский,Национальная,True,60000,400000,50.0,70.0,1;2;5;6,"Алматы қ.,   Панфилов көш., 127"
2,Қазақ ұлттық өнер  университеті  ,Казахский нацио,2,,,500000,2000000,,Университет в городе Нұр-Сұлтан,1990,5000,Казахский;Русский,Национальная,True,60000,400000,50.0,70.0,1;2;5;6,"Нұр-Сұлтан қ., Тәуелсіздік даңғылы, 50"
20,Қазақ ұлттық аграрлық  университеті,Казахский нацио,13,,,500000,2000000,,Университет в городе Алматы,1990,5000,Казахский;Русский,Национальная,True,60000,400000,50.0,70.0,1;2;5;6,"Алматы қ.,   Абай көшесі, 8"
21,С.Д.Асфендияров атындағы  Қазақ ұлттық медициналық   университеті ,Казахский нацио,13,,,500000,2000000,,Университет в городе Алматы,1990,5000,Казахский;Русский,Национальная,True,60000,400000,50.0,70.0,1;2;5;6,"Алматы қ.,  Төле би көшесі, 88"
22,Абай атындағы Қазақ ұлттық педагогикалық    университеті  ,Казахский нацио,13,,,500000,2000000,,Университет в городе Алматы,1990,5000,Казахский;Русский,Национальная,True,60000,400000,50.0,70.0,1;2;5;6,"Алматы қ.,  Достық даңғылы,13"
23,Қ.И.Сәтпаев атындағы Қазақ ұлттық ғылыми-зерттеу техникалық   университеті  ,Казахский нацио,13,,,500000,2000000,,Университет в городе Алматы,1990,5000,Казахский;Русский,Национальная,True,60000,400000,50.0,70.0,1;2;5;6,"Алматы қ.,   Сәтпаев көшесі, 22"
24,Әл-Фараби  атындағы Қазақ ұлттық   университеті    ,Казахский нацио,13,,,500000,2000000,,Университет в городе Алматы,1990,5000,Казахский;Русский,Национальная,True,60000,400000,50.0,70.0,1;2;5;6,"Алматы қ., Әл-Фараби даңғылы, 71"
25,Құрманғазы атындағы Қазақ ұлттық консерваториясы   ,Казахская нацио,13,,,500000,2000000,,Университет в городе Алматы,1990,5000,Казахский;Русский,Национальная,True,60000,400000,50.0,70.0,1;2;5;6,"Алматы қ.,   Абылай хан көш. , 86"
26,Қазақ ұлттық қыздар педагогикалық   университеті,Казахский нацио,13,,,500000,2000000,,Университет в городе Алматы,1990,5000,Казахский;Русский,Национальная,True,60000,400000,50.0,70.0,1;2;5;6,"Алматы қ.,   Айтеке би көшесі, 99"
27,Азаматтық авиация академиясы  ,Академия гражда,13,,,500000,2000000,,Университет в городе Алматы,1990,5000,Казахский;Русский,Национальная,True,60000,400000,50.0,70.0,1;2;5;6,"Алматы қ.,   Закарпатская көшесі, 44"
28,Алматы энергетика және байланыс  университеті  ,Алматинский уни,13,,,500000,2000000,,Университет в городе Алматы,1990,5000,Казахский;Русский,Национальная,True,60000,400000,50.0,70.0,1;2;5;6,"Алматы қ.,  Байтурсынов көшесі, 126"
29,Алматы технологиялық университеті,Алматинский тех,13,,,500000,2000000,,Университет в городе Алматы,1990,5000,Казахский;Русский,Национальная,True,60000,400000,50.0,70.0,1;2;5;6,"Алматы қ.,   Төле би көшесі, 100"
3,Қазақ ұлттық хореография академиясы   ,Казахская нацио,14,,,500000,2000000,,Университет в городе Нұр-Сұлтан  .,1990,5000,Казахский;Русский,Национальная,True,60000,400000,50.0,70.0,1;2;5;6,"Нұр-Сұлтан қ. ., Ұлы Дала даңғылы, 9"
30,Абылай хан атындағы  Қазақ халықаралық қатынастар және әлем  тілдері  университеті  ,Казахский униве,13,,,500000,2000000,,Университет в городе Алматы,1990,5000,Казахский;Русский,Национальная,True,60000,400000,50.0,70.0,1;2;5;6,"Алматы қ.,   Муратбаев көшесі,200"
31,Қазақ-Британ техникалық университеті,Казахстанско-Бр,13,,,500000,2000000,,Университет в городе Алматы,1990,5000,Казахский;Русский,Национальная,True,60000,400000,50.0,70.0,1;2;5;6,"Алматы қ.,   Төле би көшесі, 59"
32,Логистика және көлік академиясы ,Академия логист,13,,,500000,2000000,,Университет в городе Алматы,1990,5000,Казахский;Русский,Национальная,True,60000,400000,50.0,70.0,1;2;5;6,"Алматы қ.,   Шевченко көшесі, 97"
33,Қазақ спорт және туризм  академиясы  ,Казахская акаде,13,,,500000,2000000,,Университет в городе Алматы,1990,5000,Казахский;Русский,Национальная,True,60000,400000,50.0,70.0,1;2;5;6,"Алматы қ.,   Абай даңғылы, 85/105"
34,Нархоз университеті,Университет Нар,13,,,500000,2000000,,Университет в городе Алматы,1990,5000,Казахский;Русский,Национальная,True,60000,400000,50.0,70.0,1;2;5;6,"Алматы қ.,   Жандосов көшесі, 55"
35,Халықаралық білім беру корпорациясы ,Международная о,13,,,500000,2000000,,Университет в городе Алматы,1990,5000,Казахский;Русский,Национальная,True,60000,400000,50.0,70.0,1;2;5;6,"Алматы қ.,  Рысқұлбеков көшесі, 28"
36,Халықаралық ақпараттық технологиялар   университеті ,Международный у,13,,,500000,2000000,,Университет в городе Алматы,1990,5000,Казахский;Русский,Национальная,True,60000,400000,50.0,70.0,1;2;5;6,"Алматы қ.,  Абай даңғылы, 8 А"
37,«КИМЭП» университеті,"Университет ""КИ",13,,,500000,2000000,,Университет в городе Алматы,1990,5000,Казахский;Русский,Национальная,True,60000,400000,50.0,70.0,1;2;5;6,"Алматы қ., Абай көшесі, 2"
38,«Кайнар» университеті,"Академия ""Кайна",13,,,500000,2000000,,Университет в городе Алматы,1990,5000,Казахский;Русский,Национальная,True,60000,400000,50.0,70.0,1;2;5;6,"Алматы қ.,  Сәтпаев көшесі, 7 а"
39,Қазақстан-Ресей медициналық университеті,Казахстанско-Ро,13,,,500000,2000000,,Университет в городе Алматы,1990,5000,Казахский;Русский,Национальная,True,60000,400000,50.0,70.0,1;2;5;6,"Алматы қ.,   Төреқұлов көшесі, 71"
4,Назарбаев Университеті,Назарбаев униве,2,,,500000,2000000,,Университет в городе Нұр-Сұлтан,1990,5000,Казахский;Русский,Национальная,True,60000,400000,50.0,70.0,1;2;5;6,"Нұр-Сұлтан қ. , Қабанбай Батыр даңғылы 53"
40,«Туран» университеті,"Университет ""Ту",15,,,500000,2000000,,Университет в городе Алматы  Сәтпаев көшесі 16-18,1990,5000,Казахский;Русский,Национальная,True,60000,400000,50.0,70.0,1;2;5;6,"Алматы қ. Сәтпаев көшесі 16-18, 18а"
41,Орталық  Азия университеті,Центрально-Азиа,13,,,500000,2000000,,Университет в городе Алматы,1990,5000,Казахский;Русский,Национальная,True,60000,400000,50.0,70.0,1;2;5;6,"Алматы қ., Джансдосов көшесі, 60а"
42,Д.Қонаев атындағы Еуразиялық заң академиясы   ,Евразийская юри,13,,,500000,2000000,,Университет в городе Алматы,1990,5000,Казахский;Русский,Национальная,True,60000,400000,50.0,70.0,1;2;5;6,"Алматы қ.,   Құрманғазы көшесі, 107"
43,Қазақ еңбек және әлеуметтік қатынастар  академиясы  ,Казахский Униве,13,,,500000,2000000,,Университет в городе Алматы,1990,5000,Казахский;Русский,Национальная,True,60000,400000,50.0,70.0,1;2;5;6,"Алматы,   Жетісу-1 ш/ауданы,   32а үй"
44,Халықаралық бизнес университеті,Университет меж,13,,,500000,2000000,,Университет в городе Алматы,1990,5000,Казахский;Русский,Национальная,True,60000,400000,50.0,70.0,1;2;5;6,"Алматы қ.,   Абай даңғылы, 8А"
45,Қазақ-неміс университеті,Казахстанско-Не,13,,,500000,2000000,,Университет в городе Алматы,1990,5000,Казахский;Русский,Национальная,True,60000,400000,50.0,70.0,1;2;5;6,"Алматы қ., Пушкин көшесі, 111"
46,Шет  тілдер  және іскерлік карьера университеті  ,Университет ино,13,,,500000,2000000,,Университет в городе Алматы,1990,5000,Казахский;Русский,Национальная,True,60000,400000,50.0,70.0,1;2;5;6,"Алматы қ.,  Қазыбек би көшесі, 168"
47,Еуразиялық технологиялық университет,Евразийский Тех,13,,,500000,2000000,,Университет в городе Алматы,1990,5000,Казахский;Русский,Национальная,True,60000,400000,50.0,70.0,1;2;5;6,"Алматы қ.,   Төле би көшесі, 109"
48,Қазақстан инженерлік-технологиялық университеті  ,Казахстанский и,13,,,500000,2000000,,Университет в городе Алматы,1990,5000,Казахский;Русский,Национальная,True,60000,400000,50.0,70.0,1;2;5;6,"Алматы қ.,   Әл-Фараби даңғылы, 93а"
49,«Нұр-Мүбарак» Мысыр ислам мәдениеті   университеті   ,Египетский унив,13,,,500000,2000000,,Университет в городе Алматы,1990,5000,Казахский;Русский,Национальная,True,60000,400000,50.0,70.0,1;2;5;6,"Алматы қ., Әл-Фараби көшесі, 73"
5,Қазақстан Республикасы Президенті  жанындағы Мемлекеттік басқару академиясы  ,Академия госуда,2,,,500000,2000000,,Университет в городе Нұр-Сұлтан,1990,5000,Казахский;Русский,Национальная,True,60000,400000,50.0,70.0,1;2;5;6,"Нұр-Сұлтан қ.,  Абай көш., 33 а,"
50,Каспий қоғамдық университеті,Каспийский обще,13,,,500000,2000000,,Университет в городе Алматы,1990,5000,Казахский;Русский,Национальная,True,60000,400000,50.0,70.0,1;2;5;6,"Алматы қ.,    Сейфуллин даңғылы, 521"
51,Алматы гуманитарлы-экономикалық университеті ,Алматинский гум,13,,,500000,2000000,,Университет в городе Алматы,1990,5000,Казахский;Русский,Национальная,True,60000,400000,50.0,70.0,1;2;5;6,"Алматы қ.,   Жандосов  көшесі, 59"
52,Қазақ Еңбек және әлеуметтік қатынастар  академиясы  ,Казахская акаде,13,,,500000,2000000,,Университет в городе Алматы,1990,5000,Казахский;Русский,Национальная,True,60000,400000,50.0,70.0,1;2;5;6,"Алматы қ.,   Наурызбай батыр көшесі, 9"
53,Алматы менеджмент университеті,Алматы Менеджме,13,,,500000,2000000,,Университет в городе Алматы,1990,5000,Казахский;Русский,Национальная,True,60000,400000,50.0,70.0,1;2;5;6,"Алматы қ.,    Розыбакиев көшесі, 227"
54,Л.Гончаров атындағы Қазақ автомобиль жолдары академиясы,Казахская автом,13,,,500000,2000000,,Университет в городе Алматы,1990,5000,Казахский;Русский,Национальная,True,60000,400000,50.0,70.0,1;2;5;6,"Алматы қ.,   Ташкент көшесі, 415 В"
55,«ҚДЖМ» Қазақ медициналық   университеті,Казахстанский м,13,,,500000,2000000,,Университет в городе Алматы,1990,5000,Казахский;Русский,Национальная,True,60000,400000,50.0,70.0,1;2;5;6,"Алматы қ.,  Утепов көшесі, 19 а"
56,Ілияс  Жансүгүров атындағы Жетісу университеті ,Жетысуский  уни,16,,,500000,2000000,,Университет в городе Алматы облысы,1990,5000,Казахский;Русский,Национальная,True,60000,400000,50.0,70.0,1;2;5;6,"Талдықорған қ.,   Жансүгүров көшесі  187 А"
57,С.Демирель атындағы университет  ,Университет им.,17,,,500000,2000000,,Университет в городе Қаскелен,1990,5000,Казахский;Русский,Национальная,True,60000,400000,50.0,70.0,1;2;5;6,Қаскелен қ.
58,Қ. Жұбанов атындағы Ақтөбе өңірлік  университеті ,Актюбинский рег,18,,,500000,2000000,,Университет в городе Ақтөбе облысы,1990,5000,Казахский;Русский,Национальная,True,60000,400000,50.0,70.0,1;2;5;6,"Ақтөбе қ.,  Ә.Молдағұлова көшесі, 34"
59,М.Оспанов атындағы Батыс-Қазақстан   медициналық университет  ,Западно-Казахст,19,,,500000,2000000,,Университет в городе Ақтөбе,1990,5000,Казахский;Русский,Национальная,True,60000,400000,50.0,70.0,1;2;5;6,"Ақтөбе қ.,  Маресьев көшесі,68"
6,С.Сейфуллин атындағы Қазақ агротехникалық университеті  ,Казахский агрот,2,,,500000,2000000,,Университет в городе Нұр-Сұлтан,1990,5000,Казахский;Русский,Национальная,True,60000,400000,50.0,70.0,1;2;5;6,"Нұр-Сұлтан қ., Жеңіс даңғылы 62"
60,С.Баишев атындағы Ақтөбе университеті   ,Актюбинский уни,19,,,500000,2000000,,Университет в городе Ақтөбе,1990,5000,Казахский;Русский,Национальная,True,60000,400000,50.0,70.0,1;2;5;6,"Ақтөбе қ.,   Ағайынды Жұбановтар көш., 302А"
61,Қазақ-Орыс халықаралық университеті,Казахско-Русски,19,,,500000,2000000,,Университет в городе Ақтөбе,1990,5000,Казахский;Русский,Национальная,True,60000,400000,50.0,70.0,1;2;5;6,"Ақтөбе қ.,   Айтеке би көшесі, 52"
62,Х.Досмұхамедов атындағы Атырау университеті ,Атырауский унив,20,,,500000,2000000,,Университет в городе Атырау облысы,1990,5000,Казахский;Русский,Национальная,True,60000,400000,50.0,70.0,1;2;5;6,"Атырау қ.,   Студентер даңғылы,   1-құрылыс"
63,С. Өтебаев атындағы Атырау мұнай және газ университеті,Атырауский унив,21,,,500000,2000000,,Университет в городе Атырау,1990,5000,Казахский;Русский,Национальная,True,60000,400000,50.0,70.0,1;2;5;6,"Атырау қ.,   М.Баймұханов көшесі, 45-а"
64,Атырау  инженерлік-гуманитарлық институт,Атырауский инже,21,,,500000,2000000,,Университет в городе Атырау,1990,5000,Казахский;Русский,Национальная,True,60000,400000,50.0,70.0,1;2;5;6,"Атырау қ.,   Худин көшесі, 5"
65,Д.Серікбаев атындағы Шығыс-Қазақстан  техникалық университеті  ,Восточно-Казахс,22,,,500000,2000000,,Университет в городе Шығыс Қазақстан облысы,1990,5000,Казахский;Русский,Национальная,True,60000,400000,50.0,70.0,1;2;5;6,"Өскемен қ.,   Протозанов көшесі, 69"
66,С.Аманжолов атындағы  Шығыс-Қазақстан  университеті  ,Восточно-Казахс,23,,,500000,2000000,,Университет в городе Өскемен,1990,5000,Казахский;Русский,Национальная,True,60000,400000,50.0,70.0,1;2;5;6,"Өскемен қ.,   Қазақстан көшесі, 55"
67,Қазақстан-Америка еркін университеті,Казахстанско-Ам,23,,,500000,2000000,,Университет в городе Өскемен,1990,5000,Казахский;Русский,Национальная,True,60000,400000,50.0,70.0,1;2;5;6,"Өскемен қ.,  Бажов көшесі, 68"
68,Семей медицина университеті,Медицинский уни,24,,,500000,2000000,,Университет в городе Семей,1990,5000,Казахский;Русский,Национальная,True,60000,400000,50.0,70.0,1;2;5;6,"Семей қ.,   Абай көшесі, 103"
69,Семей қаласының Шәкәрім атындағы  университеті,Университет им.,24,,,500000,2000000,,Университет в городе Семей,1990,5000,Казахский;Русский,Национальная,True,60000,400000,50.0,70.0,1;2;5;6,"Семей қ.,   Тәңірбергенов көшесі, 1"
7,"""Астана"" Медициналық  университеті  ",Медицинский уни,2,,,500000,2000000,,Университет в городе Нұр-Сұлтан,1990,5000,Казахский;Русский,Национальная,True,60000,400000,50.0,70.0,1;2;5;6,"Нұр-Сұлтан қ.,   «Сарыарқа» даңғылы, 33"
70,Қазақ гуманитарлық-заң инновациялық университеті,Казахский гуман,24,,,500000,2000000,,Университет в городе Семей,1990,5000,Казахский;Русский,Национальная,True,60000,400000,50.0,70.0,1;2;5;6,"Семей қ.,   Ленин көшесі, 11"
71,М.Дулати атындағы Тараз  өңірлік университеті   ,Таразский регио,25,,,500000,2000000,,Университет в городе Жамбыл облысы,1990,5000,Казахский;Русский,Национальная,True,60000,400000,50.0,70.0,1;2;5;6,"Тараз қ.,  Суүлейменов көшесі, 7 "
72,Халықаралық Тараз  инновациялық институты  ,Международный Т,26,,,500000,2000000,,Университет в городе Тараз,1990,5000,Казахский;Русский,Национальная,True,60000,400000,50.0,70.0,1;2;5;6,"Тараз қ.,   Желтоқсан көшесі, 69 «Б»"
73,Жәңгір хан атындағы Батыс-Қазақстан агротехникалық университеті,Западно-Казахст,27,,,500000,2000000,,Университет в городе Батыс Қазақстан облысы,1990,5000,Казахский;Русский,Национальная,True,60000,400000,50.0,70.0,1;2;5;6,"Орал қ., Жангір хан көшесі, 51"
74,М.Өтемісов атындағы Батыс-Қазақстан   университеті  ,Западно-Казахст,28,,,500000,2000000,,Университет в городе Орал,1990,5000,Казахский;Русский,Национальная,True,60000,400000,50.0,70.0,1;2;5;6,"Орал қ.,  Достық даңғылы, 162"
75,Батыс-Қазақстан инновациялық-технологиялық университеті,Западно-Казахст,28,,,500000,2000000,,Университет в городе Орал,1990,5000,Казахский;Русский,Национальная,True,60000,400000,50.0,70.0,1;2;5;6,"Орал қ.,   Достық даңғылы, 194"
76,Қазақстан инновациялық және телекеммуникациялық  жүйелер университеті ,Казахстанский у,28,,,500000,2000000,,Университет в городе Орал,1990,5000,Казахский;Русский,Национальная,True,60000,400000,50.0,70.0,1;2;5;6,"Орал қ.,   М.Маметова көшесі 81"
77,Қарағанды  индустриалдық университеті,Карагандинский,29,,,500000,2000000,,Университет в городе Қарағанды облысы,1990,5000,Казахский;Русский,Национальная,True,60000,400000,50.0,70.0,1;2;5;6,"Теміртау қ.,  Республика даңғылы, 30"
78,Қарағанды медициналық университеті,Медицинский уни,30,,,500000,2000000,,Университет в городе Қарағанды,1990,5000,Казахский;Русский,Национальная,True,60000,400000,50.0,70.0,1;2;5;6,"Қарағанды  қ.,   Гоголь көшесі, 40"
79,Қарағанды техникалық университеті,Карагандинский,30,,,500000,2000000,,Университет в городе Қарағанды,1990,5000,Казахский;Русский,Национальная,True,60000,400000,50.0,70.0,1;2;5;6,"Қарағанды  қ.,   Бульвар мира көшесі, 56"
8,М.Нарикбаев атындағы КАЗГЮУ университеті,Университет КАЗ,2,,,500000,2000000,,Университет в городе Нұр-Сұлтан,1990,5000,Казахский;Русский,Национальная,True,60000,400000,50.0,70.0,1;2;5;6,"Нұр-Сұлтан қ., Қорғалжын тас жолы, 8."
80,Академик Е.Бөкетов атындағы Қарағанды    университеті   ,Карагандинский,30,,,500000,2000000,,Университет в городе Қарағанды,1990,5000,Казахский;Русский,Национальная,True,60000,400000,50.0,70.0,1;2;5;6,"Қарағанды  қ.,   Университет көшесі, 28"
81,Қазақстан тұтынушылар одағының Қарағанды    экономикалық университеті  ,Карагандинский,30,,,500000,2000000,,Университет в городе Қарағанды,1990,5000,Казахский;Русский,Национальная,True,60000,400000,50.0,70.0,1;2;5;6,"Қарағанды  қ.,   Академическая көшесі, 9"
82,«Болашақ» академиясы,"Академия ""Болаш",30,,,500000,2000000,,Университет в городе Қарағанды,1990,5000,Казахский;Русский,Национальная,True,60000,400000,50.0,70.0,1;2;5;6,"Қарағанды  қ.,   Ерубаев көшесі 16"
83,Орталық-Қазақстан академиясы,Центрально-Каза,31,,,500000,2000000,,Университет в городе Қарағанды     Пичугин көшесі,1990,5000,Казахский;Русский,Национальная,True,60000,400000,50.0,70.0,1;2;5;6,"Қарағанды  қ.   Пичугин көшесі, 259"
84,О.Байқоңуров атындағы Жезқазган университеті ,Жезказганский у,32,,,500000,2000000,,Университет в городе Жезқазған,1990,5000,Казахский;Русский,Национальная,True,60000,400000,50.0,70.0,1;2;5;6,"Жезқазған,   Алашахан даңғылы, 1-Б"
85,Ы.Алтынсарин атындағы Арқалық педагогикалық институты   ,Аркалыкский пед,33,,,500000,2000000,,Университет в городе Қостанай облысы,1990,5000,Казахский;Русский,Национальная,True,60000,400000,50.0,70.0,1;2;5;6,"Арқалық қ.,   Әуелбеков көшесі, 17"
86,Рудный индустриалдық институты,Рудненский инду,34,,,500000,2000000,,Университет в городе Рудный,1990,5000,Казахский;Русский,Национальная,True,60000,400000,50.0,70.0,1;2;5;6,"Рудный қ., Октябрьдің 50 жылдығы көшесі 38"
87,А.Байтұрсынов атындағы Қостанай   өңірлік университеті   ,Костанайский ре,35,,,500000,2000000,,Университет в городе Қостанай,1990,5000,Казахский;Русский,Национальная,True,60000,400000,50.0,70.0,1;2;5;6,"Қостанай қ., ул. Байтурсынова, 47"
88,М.Дулатов атындағы Қостанай  инженерлік-экономикалық университеті   ,Костанайский ин,35,,,500000,2000000,,Университет в городе Қостанай,1990,5000,Казахский;Русский,Национальная,True,60000,400000,50.0,70.0,1;2;5;6,"Қостанай қ.,   Чернышевский көшесі, 59"
89,З.Алдамжар атындағы Қостанай   әлеуметтік-техникалық университеті  ,Костанайский со,35,,,500000,2000000,,Университет в городе Қостанай,1990,5000,Казахский;Русский,Национальная,True,60000,400000,50.0,70.0,1;2;5;6,"Қостанай қ.,  Герцен көшесі, 27"
9,"Қазақ экономика, қаржы және халықаралық сауда  университеті  ",Казахский униве,2,,,500000,2000000,,Университет в городе Нұр-Сұлтан,1990,5000,Казахский;Русский,Национальная,True,60000,400000,50.0,70.0,1;2;5;6,"Нұр-Сұлтан қ.,   Жұбанов көшесі, 7"
90,Қорқыт Ата атындағы Қызылорда университеті   ,Кызылординский,36,,,500000,2000000,,Университет в городе Қызылорда облысы,1990,5000,Казахский;Русский,Национальная,True,60000,400000,50.0,70.0,1;2;5;6,"Қызылорда қ.,  Айтеке би  көшесі, 29А"
